,Model number,Window Size,Learning rate,Hidden layers,Dropout,L2,Batch size,Epochs,Train MAE,Val MAE,Gap TrainVal MAE,Early stopping epoch
5,6,18,0.001,"[64, 32]","[0, 0.25, 0.2]",0.001,256,100,25.740856170654297,27.967378616333008,-2.2265000343322754,33
0,1,3,0.001,"[64, 32]","[0, 0.25, 0.2]",0.001,256,100,25.8159236907959,28.00017738342285,-2.184299945831299,33
2,3,9,0.001,"[64, 32]","[0, 0.25, 0.2]",0.001,256,100,25.878337860107422,28.097429275512695,-2.219099998474121,33
4,5,15,0.001,"[64, 32]","[0, 0.25, 0.2]",0.001,256,100,25.873674392700195,28.1046085357666,-2.2309000492095947,33
1,2,6,0.001,"[64, 32]","[0, 0.25, 0.2]",0.001,256,100,26.00515365600586,28.178245544433594,-2.173099994659424,35
3,4,12,0.001,"[64, 32]","[0, 0.25, 0.2]",0.001,256,100,25.965452194213867,28.278188705444336,-2.312700033187866,29
6,7,21,0.001,"[64, 32]","[0, 0.25, 0.2]",0.001,256,100,25.97980308532715,28.342069625854492,-2.362299919128418,21
